UniqueID,Field 25,author (from Imported table 2),journal (from Imported table 2),year (from Imported table 2),sample,positives,prevalence,bat_species,virus_genus,virus_subgenus,virus_species,virus_strain,detection_type,study_type,detection_method,method_specific,single/multiple PCR method,Primers,gene_targets,Terminal sampling?,tissue,country,state,site,longitude,latitude,sample_year,start_year,start_month,end_year,end_month,sample_season,# Sampling Trips,Sex Info?,Habitat Disturbance Info?,Coinfection Info?,Flag,Entered by,Last modified
866,"""cross-sectional surveillance of middle east respiratory syndrome coronavirus (mers-cov) in dromedary camels and other mammals in egypt, august 2015 to january 2016""",Ali et al.,Eurosurveillance,2017,91,0,0,"Pipistrellus deserti,Rousettous aegyptiacus,Nycteris thebaica,Taphozous perforates",betacoronavirus ,Merbecovirus,,,pooled,cross-sectional,antibody,microneutralisation assay,,,,,serum,,,,,,2015/2016,,,,,,,,,,Removed (serology data not species-specific),VERENA Admin,1/3/2022 2:13pm
912,"""detection of severe acute respiratory syndrome-like, middle east respiratory syndrome-like bat coronaviruses and group h rotavirus in faeces of korean bats""",Kim et al.,Transbound Emerg Dis,2016,4,1,0.25,"Rhinolophus ferrumequinum,Myotis macrodactylus",alphacoronavirus,,bat,,single,cross-sectional,RNA,RT-PCR,single,,RdRp,,faeces,Korea,Wonju,HO Cave,,,2015,,,,,August,,,,,Removed (pooled species),VERENA Admin,1/4/2022 12:55pm
915,"""detection of severe acute respiratory syndrome-like, middle east respiratory syndrome-like bat coronaviruses and group h rotavirus in faeces of korean bats""",Kim et al.,Transbound Emerg Dis,2016,3,0,0,"Rhinolophus ferrumequinum,Myotis macrodactylus",alphacoronavirus or betacoronavirus,,,,single,cross-sectional,RNA,RT-PCR,single,,RdRp,,faeces,Korea,Bonghwa,DRN Cave,,,2015,,,,,October,,,,,Removed (pooled species),VERENA Admin,1/4/2022 12:55pm
920,"""detection of severe acute respiratory syndrome-like, middle east respiratory syndrome-like bat coronaviruses and group h rotavirus in faeces of korean bats""",Kim et al.,Transbound Emerg Dis,2016,5,0,0,"Myotis aurascens Kuzyakin,Myotis petax",alphacoronavirus or betacoronavirus,,,,repeat,longitudinal,RNA,RT-PCR,single,,RdRp,,faeces,Korea,Taebaek,YY Cave,,,2015,2015,August,2015,November,August,,,,,Removed (pooled species),VERENA Admin,1/4/2022 12:55pm
921,"""detection of severe acute respiratory syndrome-like, middle east respiratory syndrome-like bat coronaviruses and group h rotavirus in faeces of korean bats""",Kim et al.,Transbound Emerg Dis,2016,3,0,0,"Myotis aurascens Kuzyakin,Myotis petax",alphacoronavirus or betacoronavirus,,,,repeat,longitudinal,RNA,RT-PCR,single,,RdRp,,faeces,Korea,Taebaek,YY Cave,,,2015,2015,August,2015,November,October,,,,,Removed (pooled species),VERENA Admin,1/4/2022 12:55pm
922,"""detection of severe acute respiratory syndrome-like, middle east respiratory syndrome-like bat coronaviruses and group h rotavirus in faeces of korean bats""",Kim et al.,Transbound Emerg Dis,2016,1,0,0,"Myotis aurascens Kuzyakin,Myotis petax",alphacoronavirus or betacoronavirus,,,,repeat,longitudinal,RNA,RT-PCR,single,,RdRp,,faeces,Korea,Taebaek,YY Cave,,,2015,2015,August,2015,November,November,,,,,Removed (pooled species),VERENA Admin,1/4/2022 12:55pm
955,discovery and characterization of novel bat coronavirus lineages from kazakhstan,Mendenhall et al.,Viruses,2019,101,7,0.069307,"Myotis blythii,Hypsugo savii",alphacoronavirus,,,,pooled,cross-sectional,RNA,RT-PCR,single,,RdRp,,faeces,Kazakhstan,Turkestan oblast,"Kepterkhan tunnel, Tulkibas rayon",70º06'46.9 E,"42º32'36.5"" N",2017,,,,,April/May,,,,,Removed (pooled species),VERENA Admin,1/4/2022 12:59pm
956,discovery and characterization of novel bat coronavirus lineages from kazakhstan,Mendenhall et al.,Viruses,2019,50,12,0.24,"Myotis blythii,Hypsugo savii",alphacoronavirus,,,,pooled,cross-sectional,RNA,RT-PCR,single,,RdRp,,faeces,Kazakhstan,Turkestan oblast,"Qaraungir cave, Tulkibas rayon","69º54'02.6""E","42º39'04.7"" N",2017,,,,,April/May,,,,,Removed (pooled species),VERENA Admin,1/4/2022 12:59pm
957,discovery and characterization of novel bat coronavirus lineages from kazakhstan,Mendenhall et al.,Viruses,2019,49,6,0.122449,"Myotis blythii,Hypsugo savii",alphacoronavirus,,,,pooled,cross-sectional,RNA,RT-PCR,single,,RdRp,,faeces,Kazakhstan,Turkestan oblast,"Ungirli cave, Altyntau, Sozak rayon","67º59'47.9"" E","44º0659.4"" N",2017,,,,,April/May,,,,,Removed (pooled species),VERENA Admin,1/4/2022 12:59pm
1611,discovery and characterization of novel bat coronavirus lineages from kazakhstan,Mendenhall et al.,Viruses,2019,101,0,0,"Myotis blythii,Hypsugo savii",alphacoronavirus or betacoronavirus,,,,pooled,cross-sectional,RNA,RT-PCR,single,,RdRp,,faeces,Kazakhstan,Turkestan oblast,"Kepterkhan tunnel, Tulkibas rayon",70º06'46.9 E,"42º32'36.5"" N",2017,,,,,April/May,,,,,Removed (pooled species),VERENA Admin,1/4/2022 12:59pm
1612,discovery and characterization of novel bat coronavirus lineages from kazakhstan,Mendenhall et al.,Viruses,2019,50,0,0,"Myotis blythii,Hypsugo savii",alphacoronavirus or betacoronavirus,,,,pooled,cross-sectional,RNA,RT-PCR,single,,RdRp,,faeces,Kazakhstan,Turkestan oblast,"Qaraungir cave, Tulkibas rayon","69º54'02.6""E","42º39'04.7"" N",2017,,,,,April/May,,,,,Removed (pooled species),VERENA Admin,1/4/2022 12:59pm
1613,discovery and characterization of novel bat coronavirus lineages from kazakhstan,Mendenhall et al.,Viruses,2019,49,0,0,"Myotis blythii,Hypsugo savii",alphacoronavirus or betacoronavirus,,,,pooled,cross-sectional,RNA,RT-PCR,single,,RdRp,,faeces,Kazakhstan,Turkestan oblast,"Ungirli cave, Altyntau, Sozak rayon","67º59'47.9"" E","44º0659.4"" N",2017,,,,,April/May,,,,,Removed (pooled species),VERENA Admin,1/4/2022 12:59pm
974,discovery of a rich gene pool of bat sars-related coronaviruses provides new insights into the origin of sars coronavirus,Hu et al.,Plos Pathog,2017,14,0,0,(multiple) species of horseshoe bat,alphacoronavirus or betacoronavirus,,,,repeat,longitudinal,RNA,RT-PCR,single,,RdRp,,anal swab,China,Yunnan,Kunning city cave,,,2011,2011,April,2015,October,April,10,,,,Removed (pooled species),VERENA Admin,1/4/2022 1:16pm
975,discovery of a rich gene pool of bat sars-related coronaviruses provides new insights into the origin of sars coronavirus,Hu et al.,Plos Pathog,2017,8,0,0,(multiple) species of horseshoe bat,alphacoronavirus or betacoronavirus,,,,repeat,longitudinal,RNA,RT-PCR,single,,RdRp,,anal swab,China,Yunnan,Kunning city cave,,,2011,2011,April,2015,October,October,10,,,,Removed (pooled species),VERENA Admin,1/4/2022 1:16pm
976,discovery of a rich gene pool of bat sars-related coronaviruses provides new insights into the origin of sars coronavirus,Hu et al.,Plos Pathog,2017,54,5,0.092593,(multiple) species of horseshoe bat,non-SARS alpha or beta coronavirus,,,,repeat,longitudinal,RNA,RT-PCR,single,,RdRp,,faeces/anal swab,China,Yunnan,Kunning city cave,,,2012,2011,April,2015,October,May,10,,,,Removed (pooled species),VERENA Admin,1/4/2022 1:16pm
977,discovery of a rich gene pool of bat sars-related coronaviruses provides new insights into the origin of sars coronavirus,Hu et al.,Plos Pathog,2017,39,1,0.025641,(multiple) species of horseshoe bat,non-SARS alpha or beta coronavirus,,,,repeat,longitudinal,RNA,RT-PCR,single,,RdRp,,faeces,China,Yunnan,Kunning city cave,,,2012,2011,April,2015,October,September,10,,,,Removed (pooled species),VERENA Admin,1/4/2022 1:16pm
978,discovery of a rich gene pool of bat sars-related coronaviruses provides new insights into the origin of sars coronavirus,Hu et al.,Plos Pathog,2017,52,5,0.096154,(multiple) species of horseshoe bat,non-SARS alpha or beta coronavirus,,,,repeat,longitudinal,RNA,RT-PCR,single,,RdRp,,faeces,China,Yunnan,Kunning city cave,,,2013,2011,April,2015,October,April,10,,,,Removed (pooled species),VERENA Admin,1/4/2022 1:16pm
979,discovery of a rich gene pool of bat sars-related coronaviruses provides new insights into the origin of sars coronavirus,Hu et al.,Plos Pathog,2017,115,1,0.008696,(multiple) species of horseshoe bat,non-SARS alpha or beta coronavirus,,,,repeat,longitudinal,RNA,RT-PCR,single,,RdRp,,faeces/anal swab,China,Yunnan,Kunning city cave,,,2013,2011,April,2015,October,July,10,,,,Removed (pooled species),VERENA Admin,1/4/2022 1:16pm
980,discovery of a rich gene pool of bat sars-related coronaviruses provides new insights into the origin of sars coronavirus,Hu et al.,Plos Pathog,2017,131,4,0.030534,(multiple) species of horseshoe bat,non-SARS alpha or beta coronavirus,,,,repeat,longitudinal,RNA,RT-PCR,single,,RdRp,,faeces,China,Yunnan,Kunning city cave,,,2014,2011,April,2015,October,May,10,,,,Removed (pooled species),VERENA Admin,1/4/2022 1:16pm
981,discovery of a rich gene pool of bat sars-related coronaviruses provides new insights into the origin of sars coronavirus,Hu et al.,Plos Pathog,2017,19,0,0,(multiple) species of horseshoe bat,alphacoronavirus or betacoronavirus,,,,repeat,longitudinal,RNA,RT-PCR,single,,RdRp,,anal swab,China,Yunnan,Kunning city cave,,,2014,2011,April,2015,October,October,10,,,,Removed (pooled species),VERENA Admin,1/4/2022 1:16pm
982,discovery of a rich gene pool of bat sars-related coronaviruses provides new insights into the origin of sars coronavirus,Hu et al.,Plos Pathog,2017,145,3,0.02069,(multiple) species of horseshoe bat,non-SARS alpha or beta coronavirus,,,,repeat,longitudinal,RNA,RT-PCR,single,,RdRp,,faeces,China,Yunnan,Kunning city cave,,,2015,2011,April,2015,October,May,10,,,,Removed (pooled species),VERENA Admin,1/4/2022 1:16pm
983,discovery of a rich gene pool of bat sars-related coronaviruses provides new insights into the origin of sars coronavirus,Hu et al.,Plos Pathog,2017,25,1,0.04,(multiple) species of horseshoe bat,non-SARS alpha or beta coronavirus,,,,repeat,longitudinal,RNA,RT-PCR,single,,RdRp,,anal swab,China,Yunnan,Kunning city cave,,,2015,2011,April,2015,October,October,10,,,,Removed (pooled species),VERENA Admin,1/4/2022 1:16pm
993,discovery of a rich gene pool of bat sars-related coronaviruses provides new insights into the origin of sars coronavirus,Hu et al.,Plos Pathog,2017,131,4,0.030534,"Aselliscus stoliczkanus,Rhinolophus affinis",betacoronavirus ,Sarbecovirus,,,single,cross-sectional,RNA,RT-PCR,single,,RdRp,,faeces,China,Yunnan,Kunning city cave,,,2014,,,,,May,,,,,Removed (pooled species),VERENA Admin,1/4/2022 1:01pm
2080,detection of alphacoronavirus in velvety free-tailed bats (molossus molossus) and brazilian free-tailed bats (tadarida brasiliensis) from urban area of southern brazil,Lima et al.,Virus Genes,2013,150,29,0.193333,"Molossus molossus,Tadarida brasiliensis",alphacoronavirus,,,,pooled,cross-sectional,RNA,RT-PCR,single,,RdRp,,roost feces,Brazil,Rio Grande do Sul,Porto Alegre,"51º13'48""W","30º01'59"" S",2012,,,,,Summer,,,,,Removed (pooled species),VERENA Admin,1/4/2022 1:20pm
1105,"""longitudinal surveillance of betacoronaviruses in fruit bats in yunnan province, china during 2009-2016""",Luo et al.,Virol Sin,2018,114,0,0,"Eonycteris spelaea,Rousettus spp,Rousettus leschenaultia",alphacoronavirus or betacoronavirus,,,,single,cross-sectional,RNA,RT-PCR,single,,RdRp,,anal swabs/faecal samples,China,Yunnan,Jinghong,,,2009,,,,,,,N,N,N,Removed (Pooled Species),VERENA Admin,1/4/2022 1:04pm
1106,"""longitudinal surveillance of betacoronaviruses in fruit bats in yunnan province, china during 2009-2016""",Luo et al.,Virol Sin,2018,28,0,0,"Eonycteris spelaea,Rousettus spp,Rousettus leschenaultia",alphacoronavirus or betacoronavirus,,,,repeat,longitudinal,RNA,RT-PCR,single,,RdRp,,anal swabs/faecal samples,China,Yunnan,Mengla,,,2011,,,,,,,N,N,N,Removed (Pooled Species),VERENA Admin,1/4/2022 1:04pm
1109,"""longitudinal surveillance of betacoronaviruses in fruit bats in yunnan province, china during 2009-2016""",Luo et al.,Virol Sin,2018,42,0,0,"Eonycteris spelaea,Rousettus spp,Rousettus leschenaultia",alphacoronavirus or betacoronavirus,,,,repeat,longitudinal,RNA,RT-PCR,single,,RdRp,,anal swabs/faecal samples,China,Yunnan,Chuxiong,,,2013,,,,,,,N,N,N,Removed (Pooled Species),VERENA Admin,1/4/2022 1:04pm
1110,"""longitudinal surveillance of betacoronaviruses in fruit bats in yunnan province, china during 2009-2016""",Luo et al.,Virol Sin,2018,97,0,0,"Eonycteris spelaea,Rousettus spp,Rousettus leschenaultia",alphacoronavirus or betacoronavirus,,,,single,cross-sectional,RNA,RT-PCR,single,,RdRp,,anal swabs/faecal samples,China,Yunnan,Mojiang,,,2013,,,,,,,N,N,N,Removed (Pooled Species),VERENA Admin,1/4/2022 1:04pm
1113,"""longitudinal surveillance of betacoronaviruses in fruit bats in yunnan province, china during 2009-2016""",Luo et al.,Virol Sin,2018,50,0,0,"Eonycteris spelaea,Rousettus spp,Rousettus leschenaultia",alphacoronavirus or betacoronavirus,,,,repeat,longitudinal,RNA,RT-PCR,single,,RdRp,,anal swabs/faecal samples,China,Yunnan,Mengla,,,2014,,,,,,,N,N,N,Removed (Pooled Species),VERENA Admin,1/4/2022 1:04pm
1115,"""longitudinal surveillance of betacoronaviruses in fruit bats in yunnan province, china during 2009-2016""",Luo et al.,Virol Sin,2018,114,0,0,"Eonycteris spelaea,Rousettus spp,Rousettus leschenaultia",alphacoronavirus or betacoronavirus,,,,repeat,longitudinal,RNA,RT-PCR,single,,RdRp,,anal swabs/faecal samples,China,Yunnan,Chuxiong,,,2014,,,,,,,N,N,N,Removed (Pooled Species),VERENA Admin,1/4/2022 1:04pm
2899,novel alphacoronaviruses and paramyxoviruses cocirculate with type 1 and severe acute respiratory system (sars)-related betacoronaviruses in synanthropic bats of luxembourg,Pauly et al.,Appl Environ Microbiol,2017,100,0,0,"Myotis emarginatus,Rhinolophus ferrumequinum",alphacoronavirus or betacoronavirus or gammacoronavirus or deltacoronavirus,,,,repeat,longitudinal,RNA,nested RT-PCR,multiple,,RdRp,,faeces,Luxembourg,Bech-Kleinmacher,,,,2015,,,,,June,,N,"Y, unclear","Y, PV & CoV (none detected)",Removed (Pooled Species),VERENA Admin,1/4/2022 1:05pm
2900,novel alphacoronaviruses and paramyxoviruses cocirculate with type 1 and severe acute respiratory system (sars)-related betacoronaviruses in synanthropic bats of luxembourg,Pauly et al.,Appl Environ Microbiol,2017,126,15,0.119048,"Myotis emarginatus,Rhinolophus ferrumequinum",alphacoronavirus,,,,repeat,longitudinal,RNA,nested RT-PCR,multiple,,RdRp,,faeces,Luxembourg,Bech-Kleinmacher,,,,2015,,,,,July,,N,"Y, unclear","Y, PV & CoV (none detected)",Removed (Pooled Species),VERENA Admin,1/4/2022 1:05pm
2901,novel alphacoronaviruses and paramyxoviruses cocirculate with type 1 and severe acute respiratory system (sars)-related betacoronaviruses in synanthropic bats of luxembourg,Pauly et al.,Appl Environ Microbiol,2017,100,6,0.06,"Myotis emarginatus,Rhinolophus ferrumequinum",alphacoronavirus,,,,repeat,longitudinal,RNA,nested RT-PCR,multiple,,RdRp,,faeces,Luxembourg,Bech-Kleinmacher,,,,2015,,,,,September,,N,"Y, unclear","Y, PV & CoV (none detected)",Removed (Pooled Species),VERENA Admin,1/4/2022 1:05pm
2902,novel alphacoronaviruses and paramyxoviruses cocirculate with type 1 and severe acute respiratory system (sars)-related betacoronaviruses in synanthropic bats of luxembourg,Pauly et al.,Appl Environ Microbiol,2017,99,1,0.010101,"Myotis emarginatus,Rhinolophus ferrumequinum",alphacoronavirus,,,,repeat,longitudinal,RNA,nested RT-PCR,multiple,,RdRp,,faeces,Luxembourg,Bech-Kleinmacher,,,,2016,,,,,May,,N,"Y, unclear","Y, PV & CoV (none detected)",Removed (Pooled Species),VERENA Admin,1/4/2022 1:05pm
2903,novel alphacoronaviruses and paramyxoviruses cocirculate with type 1 and severe acute respiratory system (sars)-related betacoronaviruses in synanthropic bats of luxembourg,Pauly et al.,Appl Environ Microbiol,2017,111,5,0.045045,"Myotis emarginatus,Rhinolophus ferrumequinum",alphacoronavirus,,,,repeat,longitudinal,RNA,nested RT-PCR,multiple,,RdRp,,faeces,Luxembourg,Bech-Kleinmacher,,,,2016,,,,,July,,N,"Y, unclear","Y, PV & CoV (none detected)",Removed (Pooled Species),VERENA Admin,1/4/2022 1:05pm
2904,novel alphacoronaviruses and paramyxoviruses cocirculate with type 1 and severe acute respiratory system (sars)-related betacoronaviruses in synanthropic bats of luxembourg,Pauly et al.,Appl Environ Microbiol,2017,88,0,0,"Myotis emarginatus,Rhinolophus ferrumequinum",alphacoronavirus or betacoronavirus or gammacoronavirus or deltacoronavirus,,,,repeat,longitudinal,RNA,nested RT-PCR,multiple,,RdRp,,faeces,Luxembourg,Bech-Kleinmacher,,,,2016,,,,,September,,N,"Y, unclear","Y, PV & CoV (none detected)",Removed (Pooled Species),VERENA Admin,1/4/2022 1:05pm
2906,novel alphacoronaviruses and paramyxoviruses cocirculate with type 1 and severe acute respiratory system (sars)-related betacoronaviruses in synanthropic bats of luxembourg,Pauly et al.,Appl Environ Microbiol,2017,126,0,0,"Myotis emarginatus,Rhinolophus ferrumequinum",alphacoronavirus or betacoronavirus or gammacoronavirus or deltacoronavirus,,,,repeat,longitudinal,RNA,nested RT-PCR,multiple,,RdRp,,faeces,Luxembourg,Bech-Kleinmacher,,,,2015,,,,,July,,N,"Y, unclear","Y, PV & CoV (none detected)",Removed (Pooled Species),VERENA Admin,1/4/2022 1:05pm
2907,novel alphacoronaviruses and paramyxoviruses cocirculate with type 1 and severe acute respiratory system (sars)-related betacoronaviruses in synanthropic bats of luxembourg,Pauly et al.,Appl Environ Microbiol,2017,100,0,0,"Myotis emarginatus,Rhinolophus ferrumequinum",alphacoronavirus or betacoronavirus or gammacoronavirus or deltacoronavirus,,,,repeat,longitudinal,RNA,nested RT-PCR,multiple,,RdRp,,faeces,Luxembourg,Bech-Kleinmacher,,,,2015,,,,,September,,N,"Y, unclear","Y, PV & CoV (none detected)",Removed (Pooled Species),VERENA Admin,1/4/2022 1:05pm
2908,novel alphacoronaviruses and paramyxoviruses cocirculate with type 1 and severe acute respiratory system (sars)-related betacoronaviruses in synanthropic bats of luxembourg,Pauly et al.,Appl Environ Microbiol,2017,99,2,0.020202,"Myotis emarginatus,Rhinolophus ferrumequinum",betacoronavirus ,Sarbecovirus,,,repeat,longitudinal,RNA,nested RT-PCR,multiple,,RdRp,,faeces,Luxembourg,Bech-Kleinmacher,,,,2016,,,,,May,,N,"Y, unclear","Y, PV & CoV (none detected)",Removed (Pooled Species),VERENA Admin,1/4/2022 1:05pm
2909,novel alphacoronaviruses and paramyxoviruses cocirculate with type 1 and severe acute respiratory system (sars)-related betacoronaviruses in synanthropic bats of luxembourg,Pauly et al.,Appl Environ Microbiol,2017,111,0,0,"Myotis emarginatus,Rhinolophus ferrumequinum",alphacoronavirus or betacoronavirus or gammacoronavirus or deltacoronavirus,,,,repeat,longitudinal,RNA,nested RT-PCR,multiple,,RdRp,,faeces,Luxembourg,Bech-Kleinmacher,,,,2016,,,,,July,,N,"Y, unclear","Y, PV & CoV (none detected)",Removed (Pooled Species),VERENA Admin,1/4/2022 1:05pm
2911,novel alphacoronaviruses and paramyxoviruses cocirculate with type 1 and severe acute respiratory system (sars)-related betacoronaviruses in synanthropic bats of luxembourg,Pauly et al.,Appl Environ Microbiol,2017,100,1,0.01,"Myotis emarginatus,Rhinolophus ferrumequinum",betacoronavirus ,Embecovirus,,BetaCov1,repeat,longitudinal,RNA,nested RT-PCR,multiple,,RdRp,,faeces,Luxembourg,Bech-Kleinmacher,,,,2015,,,,,June,,N,"Y, unclear","Y, PV & CoV (none detected)",Removed (Pooled Species),VERENA Admin,1/4/2022 1:05pm
2913,novel alphacoronaviruses and paramyxoviruses cocirculate with type 1 and severe acute respiratory system (sars)-related betacoronaviruses in synanthropic bats of luxembourg,Pauly et al.,Appl Environ Microbiol,2017,100,1,0.01,"Myotis emarginatus,Rhinolophus ferrumequinum",betacoronavirus ,Embecovirus,,BetaCov1,repeat,longitudinal,RNA,nested RT-PCR,multiple,,RdRp,,faeces,Luxembourg,Bech-Kleinmacher,,,,2015,,,,,September,,N,"Y, unclear","Y, PV & CoV (none detected)",Removed (Pooled Species),VERENA Admin,1/4/2022 1:05pm
2914,novel alphacoronaviruses and paramyxoviruses cocirculate with type 1 and severe acute respiratory system (sars)-related betacoronaviruses in synanthropic bats of luxembourg,Pauly et al.,Appl Environ Microbiol,2017,99,0,0,"Myotis emarginatus,Rhinolophus ferrumequinum",alphacoronavirus or betacoronavirus or gammacoronavirus or deltacoronavirus,,,,repeat,longitudinal,RNA,nested RT-PCR,multiple,,RdRp,,faeces,Luxembourg,Bech-Kleinmacher,,,,2016,,,,,May,,N,"Y, unclear","Y, PV & CoV (none detected)",Removed (Pooled Species),VERENA Admin,1/4/2022 1:05pm
1654,distribution of bat-borne viruses and environment patterns,Afelt et al.,Infection Genetics and Evolution,2018,24,5,0.208333,"Cynopterus,Macroglossus",betacoronavirus ,Nobecovirus,,,single,cross-sectional,RNA,broadly reactive nested RT-PCR,multiple,,RdRp,,rectal swab,Cambodia,,,,,2011,,,,,November,,,Y,,Removed (Pooled Species),VERENA Admin,1/4/2022 1:10pm
1656,distribution of bat-borne viruses and environment patterns,Afelt et al.,Infection Genetics and Evolution,2018,12,0,0,"Cynopterus,Megaerops",alphacoronavirus or betacoronavirus,,,,single,cross-sectional,RNA,broadly reactive nested RT-PCR,multiple,,RdRp,,rectal swab,Cambodia,,,,,2010,,,,,December,,,Y,,Removed (Pooled Species),VERENA Admin,1/4/2022 1:10pm
1657,distribution of bat-borne viruses and environment patterns,Afelt et al.,Infection Genetics and Evolution,2018,6,0,0,"Cynopterus,Megaerops",alphacoronavirus or betacoronavirus,,,,single,cross-sectional,RNA,broadly reactive nested RT-PCR,multiple,,RdRp,,rectal swab,Cambodia,,,,,2010,,,,,December,,,Y,,Removed (Pooled Species),VERENA Admin,1/4/2022 1:10pm
1658,distribution of bat-borne viruses and environment patterns,Afelt et al.,Infection Genetics and Evolution,2018,11,0,0,"Hipposideros,Rhinolophus",alphacoronavirus or betacoronavirus,,,,single,cross-sectional,RNA,broadly reactive nested RT-PCR,multiple,,RdRp,,rectal swab,Cambodia,,,,,2012,,,,,September,,,Y,,Removed (Pooled Species),VERENA Admin,1/4/2022 1:10pm
1659,distribution of bat-borne viruses and environment patterns,Afelt et al.,Infection Genetics and Evolution,2018,17,0,0,"Megaderma,Cynopterus,Rhinolophus",alphacoronavirus or betacoronavirus,,,,single,cross-sectional,RNA,broadly reactive nested RT-PCR,multiple,,RdRp,,rectal swab,Cambodia,,,,,2010,,,,,December,,,Y,,Removed (Pooled Species),VERENA Admin,1/4/2022 1:10pm
1660,distribution of bat-borne viruses and environment patterns,Afelt et al.,Infection Genetics and Evolution,2018,36,0,0,"Cynopterus,Rhinolophus",alphacoronavirus or betacoronavirus,,,,single,cross-sectional,RNA,broadly reactive nested RT-PCR,multiple,,RdRp,,rectal swab,Cambodia,,,,,2010,,,,,December,,,Y,,Removed (Pooled Species),VERENA Admin,1/4/2022 1:10pm
1666,distribution of bat-borne viruses and environment patterns,Afelt et al.,Infection Genetics and Evolution,2018,392,28,0.071429,"Taphozous,Scotophilus",alphacoronavirus,subcluster 1,,,pooled,longitudinal,RNA,broadly reactive nested RT-PCR,multiple,,RdRp,,rectal swab,Cambodia,,,,,,2012,May,2013,May,,3,,Y,astrovirus,Removed (Pooled Species),VERENA Admin,1/4/2022 1:10pm
1667,distribution of bat-borne viruses and environment patterns,Afelt et al.,Infection Genetics and Evolution,2018,112,3,0.026786,"Cynopterus,Megaerops",betacoronavirus ,Nobecovirus,,,pooled,longitudinal,RNA,broadly reactive nested RT-PCR,multiple,,RdRp,,rectal swab,Cambodia,,,,,,2011,May,2011,November,,5,,Y,,Removed (Pooled Species),VERENA Admin,1/4/2022 1:10pm
1669,distribution of bat-borne viruses and environment patterns,Afelt et al.,Infection Genetics and Evolution,2018,53,2,0.037736,"Taphozous,Scotophilus",alphacoronavirus,subcluster 1,,,pooled,longitudinal,RNA,broadly reactive nested RT-PCR,multiple,,RdRp,,rectal swab,Cambodia,,,,,,2011,May,2011,November,,5,,Y,,Removed (Pooled Species),VERENA Admin,1/4/2022 1:10pm
1670,distribution of bat-borne viruses and environment patterns,Afelt et al.,Infection Genetics and Evolution,2018,17,0,0,"Cynopterus,Megaerops",alphacoronavirus or betacoronavirus,,,,single,cross-sectional,RNA,broadly reactive nested RT-PCR,multiple,,RdRp,,rectal swab,Cambodia,,,,,2010,,,,,December,,,Y,,Removed (Pooled Species),VERENA Admin,1/4/2022 1:11pm
1671,distribution of bat-borne viruses and environment patterns,Afelt et al.,Infection Genetics and Evolution,2018,28,2,0.071429,"Megaerops,Eonycteris,Rousettus,Rhinolophus",betacoronavirus ,Nobecovirus,,,single,cross-sectional,RNA,broadly reactive nested RT-PCR,multiple,,RdRp,,rectal swab,Cambodia,,,,,2010,,,,,December,,,Y,,Removed (Pooled Species),VERENA Admin,1/4/2022 1:11pm
1672,distribution of bat-borne viruses and environment patterns,Afelt et al.,Infection Genetics and Evolution,2018,16,0,0,"Cynopterus,Pteropus,Rousettus",alphacoronavirus or betacoronavirus,,,,pooled,longitudinal,RNA,broadly reactive nested RT-PCR,multiple,,RdRp,,rectal swab,Cambodia,,,,,,2013,July,2013,November,,3,,Y,,Removed (Pooled Species),VERENA Admin,1/4/2022 1:11pm
1673,distribution of bat-borne viruses and environment patterns,Afelt et al.,Infection Genetics and Evolution,2018,7,1,0.142857,"Cynopterus,Macroglossus,Megaerops",betacoronavirus ,Nobecovirus,,,single,cross-sectional,RNA,broadly reactive nested RT-PCR,multiple,,RdRp,,rectal swab,Cambodia,,,,,2012,,,,,September,,,Y,,Removed (Pooled Species),VERENA Admin,1/4/2022 1:11pm
1674,distribution of bat-borne viruses and environment patterns,Afelt et al.,Infection Genetics and Evolution,2018,14,0,0,"Cynopterus,Tylonycteris",alphacoronavirus or betacoronavirus,,,,single,cross-sectional,RNA,broadly reactive nested RT-PCR,multiple,,RdRp,,rectal swab,Cambodia,,,,,2010,,,,,December,,,Y,,Removed (Pooled Species),VERENA Admin,1/4/2022 1:11pm
1675,distribution of bat-borne viruses and environment patterns,Afelt et al.,Infection Genetics and Evolution,2018,34,1,0.029412,"Taphozous,Cynopterus,Megaderma",betacoronavirus ,Nobecovirus,,,single,cross-sectional,RNA,broadly reactive nested RT-PCR,multiple,,RdRp,,rectal swab,Cambodia,,,,,2010,,,,,December,,,Y,astrovirus,Removed (Pooled Species),VERENA Admin,1/4/2022 1:11pm
1676,distribution of bat-borne viruses and environment patterns,Afelt et al.,Infection Genetics and Evolution,2018,59,2,0.033898,"Taphozous,Hipposideros,Megaderma,Rousettus,Rhinolophus",alphacoronavirus and betacoronavirus,"Nobecovirus,subcluster 4",,,single,cross-sectional,RNA,broadly reactive nested RT-PCR,multiple,,RdRp,,rectal swab,Cambodia,,,,,2010,,,,,December,,,Y,astrovirus,Removed (Pooled Species),VERENA Admin,1/4/2022 1:11pm
1677,distribution of bat-borne viruses and environment patterns,Afelt et al.,Infection Genetics and Evolution,2018,9,0,0,"Cynopterus,Megaerops,Rousettus",alphacoronavirus or betacoronavirus,,,,single,cross-sectional,RNA,broadly reactive nested RT-PCR,multiple,,RdRp,,rectal swab,Cambodia,,,,,2010,,,,,December,,,Y,,Removed (Pooled Species),VERENA Admin,1/4/2022 1:11pm
1678,distribution of bat-borne viruses and environment patterns,Afelt et al.,Infection Genetics and Evolution,2018,12,4,0.333333,"Cynopterus,Eonycteris",betacoronavirus ,Nobecovirus,,,single,cross-sectional,RNA,broadly reactive nested RT-PCR,multiple,,RdRp,,rectal swab,Cambodia,,,,,2010,,,,,December,,,Y,,Removed (Pooled Species),VERENA Admin,1/4/2022 1:11pm
1679,distribution of bat-borne viruses and environment patterns,Afelt et al.,Infection Genetics and Evolution,2018,25,4,0.16,"Cynopterus,Eonycteris,Megaerops",betacoronavirus ,Nobecovirus,,,single,cross-sectional,RNA,broadly reactive nested RT-PCR,multiple,,RdRp,,rectal swab,Cambodia,,,,,2010,,,,,December,,,Y,,Removed (Pooled Species),VERENA Admin,1/4/2022 1:11pm
1680,distribution of bat-borne viruses and environment patterns,Afelt et al.,Infection Genetics and Evolution,2018,2,0,0,"Cynopterus,Eonycteris",alphacoronavirus or betacoronavirus,,,,single,cross-sectional,RNA,broadly reactive nested RT-PCR,multiple,,RdRp,,rectal swab,Cambodia,,,,,2010,,,,,December,,,Y,,Removed (Pooled Species),VERENA Admin,1/4/2022 1:11pm
1685,distribution of bat-borne viruses and environment patterns,Afelt et al.,Infection Genetics and Evolution,2018,281,6,0.021352,"Hipposideros,Cynopterus,Eonycteris,Macroglossus,Megaerops,Rousettus",betacoronavirus ,Nobecovirus,,,pooled,longitudinal,RNA,broadly reactive nested RT-PCR,multiple,,RdRp,,rectal/oral swab,Lao PDR,,,,,,2011,February,2013,June,,7,,Y,,Removed (Pooled Species),VERENA Admin,1/4/2022 1:11pm
1686,distribution of bat-borne viruses and environment patterns,Afelt et al.,Infection Genetics and Evolution,2018,14,0,0,"Cynopterus,Megaerops",alphacoronavirus or betacoronavirus,,,,single,cross-sectional,RNA,broadly reactive nested RT-PCR,multiple,,RdRp,,rectal/oral swab,Lao PDR,,,,,2012,,,,,December,,,Y,,Removed (Pooled Species),VERENA Admin,1/4/2022 1:11pm
1688,distribution of bat-borne viruses and environment patterns,Afelt et al.,Infection Genetics and Evolution,2018,100,3,0.03,"Hipposideros,Cynopterus,Eonycteris,Macroglossus,Megaerops,Rousettus,Rhinolophus",betacoronavirus ,Nobecovirus,,,pooled,longitudinal,RNA,broadly reactive nested RT-PCR,multiple,,RdRp,,rectal/oral swab,Lao PDR,,,,,,2011,August,2013,December,,4,,Y,astrovirus,Removed (Pooled Species),VERENA Admin,1/4/2022 1:11pm
1690,distribution of bat-borne viruses and environment patterns,Afelt et al.,Infection Genetics and Evolution,2018,22,0,0,"Cynopterus,Megaerops",alphacoronavirus or betacoronavirus,,,,single,cross-sectional,RNA,broadly reactive nested RT-PCR,multiple,,RdRp,,rectal/oral swab,Lao PDR,,,,,2012,,,,,December,,,Y,,Removed (Pooled Species),VERENA Admin,1/4/2022 1:11pm
1691,distribution of bat-borne viruses and environment patterns,Afelt et al.,Infection Genetics and Evolution,2018,74,2,0.027027,"Hipposideros,Megaerops,Rousettus,Rhinolophus",alphacoronavirus,subcluster 4,,,pooled,longitudinal,RNA,broadly reactive nested RT-PCR,multiple,,RdRp,,rectal/oral swab,Lao PDR,,,,,,2012,March,2013,February,,3,,Y,,Removed (Pooled Species),VERENA Admin,1/4/2022 1:11pm
1692,distribution of bat-borne viruses and environment patterns,Afelt et al.,Infection Genetics and Evolution,2018,176,17,0.096591,"Hipposideros,Eonycteris,Cynopterus,Megaerops,Rousettus,Rhinolophus",betacoronavirus ,Nobecovirus,,,pooled,longitudinal,RNA,broadly reactive nested RT-PCR,multiple,,RdRp,,rectal/oral swab,Lao PDR,,,,,,2011,February,2012,January,,5,,Y,astrovirus,Removed (Pooled Species),VERENA Admin,1/4/2022 1:11pm
1693,distribution of bat-borne viruses and environment patterns,Afelt et al.,Infection Genetics and Evolution,2018,105,0,0,"Aselliscus,Rhinolophus",alphacoronavirus or betacoronavirus,,,,pooled,longitudinal,RNA,broadly reactive nested RT-PCR,multiple,,RdRp,,rectal/oral swab,Lao PDR,,,,,,2011,March,2012,February,,4,,Y,astrovirus,Removed (Pooled Species),VERENA Admin,1/4/2022 1:11pm
1694,distribution of bat-borne viruses and environment patterns,Afelt et al.,Infection Genetics and Evolution,2018,6,1,0.166667,"Megaerops,Rousettus",betacoronavirus ,Nobecovirus,,,single,cross-sectional,RNA,broadly reactive nested RT-PCR,multiple,,RdRp,,rectal/oral swab,Lao PDR,,,,,2011,,,,,February,,,Y,,Removed (Pooled Species),VERENA Admin,1/4/2022 1:11pm
1695,distribution of bat-borne viruses and environment patterns,Afelt et al.,Infection Genetics and Evolution,2018,29,3,0.103448,"Megaerops,Rousettus,Eonycteris",betacoronavirus ,Nobecovirus,,,single,cross-sectional,RNA,broadly reactive nested RT-PCR,multiple,,RdRp,,rectal/oral swab,Lao PDR,,,,,2011,,,,,February,,,Y,astrovirus ,Removed (Pooled Species),VERENA Admin,1/4/2022 1:11pm
911,"""detection of severe acute respiratory syndrome-like, middle east respiratory syndrome-like bat coronaviruses and group h rotavirus in faeces of korean bats""",Kim et al.,Transbound Emerg Dis,2016,6,0,0,?,alphacoronavirus or betacoronavirus,,,,single,cross-sectional,RNA,RT-PCR,single,,RdRp,,faeces,Korea,Danyang,Under HSA bridge,,,2015,,,,,July,,,,,Removed (missing species),VERENA Admin,1/4/2022 12:53pm
916,"""detection of severe acute respiratory syndrome-like, middle east respiratory syndrome-like bat coronaviruses and group h rotavirus in faeces of korean bats""",Kim et al.,Transbound Emerg Dis,2016,3,0,0,?,alphacoronavirus or betacoronavirus,,,,single,cross-sectional,RNA,RT-PCR,single,,RdRp,,faeces,Korea,Hapcheon,BT Cave,,,2015,,,,,December,,,,,Removed (missing species),VERENA Admin,1/4/2022 12:53pm
923,"""detection of severe acute respiratory syndrome-like, middle east respiratory syndrome-like bat coronaviruses and group h rotavirus in faeces of korean bats""",Kim et al.,Transbound Emerg Dis,2016,1,0,0,?,alphacoronavirus or betacoronavirus,,,,repeat,longitudinal,RNA,RT-PCR,single,,RdRp,,faeces,Korea,Uljin,SL Cave,,,2015,2015,August,2015,November,August,,,,,Removed (missing species),VERENA Admin,1/4/2022 12:55pm
924,"""detection of severe acute respiratory syndrome-like, middle east respiratory syndrome-like bat coronaviruses and group h rotavirus in faeces of korean bats""",Kim et al.,Transbound Emerg Dis,2016,1,0,0,?,alphacoronavirus or betacoronavirus,,,,repeat,longitudinal,RNA,RT-PCR,single,,RdRp,,faeces,Korea,Uljin,SL Cave,,,2015,2015,August,2015,November,November,,,,,Removed (missing species),VERENA Admin,1/4/2022 12:55pm
1652,discovery of novel bat coronaviruses in south china that use the same receptor as middle east respiratory syndrome coronavirus,Luo et al.,J Virol,2018,19,0,0,Unclassified,alphacoronavirus or betacoronavirus,,,,pooled,cross-sectional,RNA,RT-PCR,single,,RdRp,,anal swab,China,Guangdong ,"Yingde, Ruyuan, Shenzhen, Yangshan",,,,2012,,2015,,,,,,,Removed (missing species),VERENA Admin,1/4/2022 1:30pm
2893,"""simultaneous detection of severe acute respiratory syndrome, middle east respiratory syndrome, and related bat coronaviruses by real-time reverse transcription pcr""",Noh et al.,Arch Virol,2017,47,5,0.106383,?,alphacoronavirus,,,,pooled,cross-sectional,RNA,RT-PCR,single,,S2,,"oral swab,fecal swab,urine swab",Korea,,,,,,2015,July,2016,April,,,,,,Removed (Missing Species),VERENA Admin,1/4/2022 1:07pm
2895,"""simultaneous detection of severe acute respiratory syndrome, middle east respiratory syndrome, and related bat coronaviruses by real-time reverse transcription pcr""",Noh et al.,Arch Virol,2017,47,1,0.021277,?,betacoronavirus ,Sarbecovirus,,,pooled,cross-sectional,RNA,RT-PCR,single,,S2,,"oral swab,fecal swab,urine swab",Korea,,,,,,2015,July,2016,April,,,,,,Removed (Missing Species),VERENA Admin,1/4/2022 1:07pm
2354,white-nose syndrome is associated with increased replication of a naturally persisting coronaviruses in bats,Davy et al.,Sci Rep,2018,47,17,0.361702,Myotis lucifugus,alphacoronavirus,Colacovirus,,Myl-CoV,pooled,cross-sectional,RNA,"RT-qPCR,semi-nested PCR",multiple,,"IRF1, RERG, SRC, and IL22RA1",,"tissue,wing segment",Canada,Manitoba,hibernacula ,,,2010,,,,,November,,All males,N,Y,Remove (same experiment as in Subudhi et al 2017),VERENA Admin,1/18/2022 11:16am
2957,longitudinal study of age-specific pattern of coronavirus infection in lyle's flying fox (pteropus lylei) in thailand,Wacharapluesadee et al.,Virol J,2018,367,4,0.010899,Pteropus lylei,alphacoronavirus,,,,pooled,cross-sectional,RNA,hemi-nested RT-PCR,multiple,,RdRp,,rectal swab,Thailand,Chonburi,"S1, S2, S3 (pooled)",,,2012,,January,,December,,,,,,only use these two rows for prevalence estimates,VERENA Admin,1/13/2022 1:32pm
2958,longitudinal study of age-specific pattern of coronavirus infection in lyle's flying fox (pteropus lylei) in thailand,Wacharapluesadee et al.,Virol J,2018,367,64,0.174387,Pteropus lylei,betacoronavirus ,,,,pooled,cross-sectional,RNA,hemi-nested RT-PCR,multiple,,RdRp,,rectal swab,Thailand,Chonburi,"S1, S2, S3 (pooled)",,,2012,,January,,December,,,,,,only use these two rows for prevalence estiamtes,VERENA Admin,1/13/2022 1:32pm
2173,viral diversity of bat communities in human-dominated landscapes in mexico,Chávez et al.,Veterinaria México OA,2015,253,1,0.003953,Carollia sowelli,alphacoronavirus,,,Mex Cov 2,single,cross-sectional,RNA,RT-PCR,single,,,,oral swab,Mexico,Chiapas,Montes Azules,,,,,,,,,,N,"Y, Forested","Y, No co-infection",include rows for taxonomic/geographic patterns in yes/no sampled and yes/no positive but NOT in prevalence analyses because denominators correspond to region and not species,VERENA Admin,1/14/2022 10:05am
2174,viral diversity of bat communities in human-dominated landscapes in mexico,Chávez et al.,Veterinaria México OA,2015,253,1,0.003953,Artibeus phaeotis,betacoronavirus ,,,Mex Cov 11a,single,cross-sectional,RNA,RT-PCR,single,,,,oral swab,Mexico,Chiapas,Montes Azules,,,,,,,,,,N,"Y, Forested","Y, No co-infection",include rows for taxonomic/geographic patterns in yes/no sampled and yes/no positive but NOT in prevalence analyses because denominators correspond to region and not species,VERENA Admin,1/14/2022 10:05am
2175,viral diversity of bat communities in human-dominated landscapes in mexico,Chávez et al.,Veterinaria México OA,2015,253,1,0.003953,Artibeus phaeotis,betacoronavirus ,,,Mex Cov 11b,single,cross-sectional,RNA,RT-PCR,single,,,,oral swab,Mexico,Chiapas,Montes Azules,,,,,,,,,,N,"Y, Forested","Y, No co-infection",include rows for taxonomic/geographic patterns in yes/no sampled and yes/no positive but NOT in prevalence analyses because denominators correspond to region and not species,VERENA Admin,1/14/2022 10:05am
2177,viral diversity of bat communities in human-dominated landscapes in mexico,Chávez et al.,Veterinaria México OA,2015,253,1,0.003953,Lonchorhina aurita,alphacoronavirus,,,Mex Cov 3,single,cross-sectional,RNA,RT-PCR,single,,,,rectal swab,Mexico,Chiapas,Montes Azules,,,,,,,,,,N,"Y, Forested","Y, No co-infection",include rows for taxonomic/geographic patterns in yes/no sampled and yes/no positive but NOT in prevalence analyses because denominators correspond to region and not species,VERENA Admin,1/14/2022 10:05am
2178,viral diversity of bat communities in human-dominated landscapes in mexico,Chávez et al.,Veterinaria México OA,2015,253,1,0.003953,Artibeus jamaicensis,alphacoronavirus,,,Mex Cov 5a,single,cross-sectional,RNA,RT-PCR,single,,,,rectal swab,Mexico,Chiapas,Montes Azules,,,,,,,,,,N,"Y, Forested","Y, No co-infection",include rows for taxonomic/geographic patterns in yes/no sampled and yes/no positive but NOT in prevalence analyses because denominators correspond to region and not species,VERENA Admin,1/14/2022 10:05am
2182,viral diversity of bat communities in human-dominated landscapes in mexico,Chávez et al.,Veterinaria México OA,2015,142,1,0.007042,Artibeus jamaicensis,alphacoronavirus,,,Mex Cov 5a,single,cross-sectional,RNA,RT-PCR,single,,,,rectal swab,Mexico,Chiapas,Montes Azules,,,,,,,,,,N,"Y, Fragmented","Y, No co-infection",include rows for taxonomic/geographic patterns in yes/no sampled and yes/no positive but NOT in prevalence analyses because denominators correspond to region and not species,VERENA Admin,1/14/2022 10:05am
2183,viral diversity of bat communities in human-dominated landscapes in mexico,Chávez et al.,Veterinaria México OA,2015,142,1,0.007042,Eptesicus fuscus,alphacoronavirus,,,Mex Cov 6,single,cross-sectional,RNA,RT-PCR,single,,,,blood,Mexico,Chiapas,Montes Azules,,,,,,,,,,N,"Y, Fragmented","Y, No co-infection",include rows for taxonomic/geographic patterns in yes/no sampled and yes/no positive but NOT in prevalence analyses because denominators correspond to region and not species,VERENA Admin,1/14/2022 10:05am
2184,viral diversity of bat communities in human-dominated landscapes in mexico,Chávez et al.,Veterinaria México OA,2015,293,1,0.003413,Carollia sowelli,alphacoronavirus,,,Mex Cov 1,single,cross-sectional,RNA,RT-PCR,single,,,,oral swab,Mexico,Chiapas,Montes Azules,,,,,,,,,,N,"Y, Disturbed","Y, No co-infection",include rows for taxonomic/geographic patterns in yes/no sampled and yes/no positive but NOT in prevalence analyses because denominators correspond to region and not species,VERENA Admin,1/14/2022 10:05am
2186,viral diversity of bat communities in human-dominated landscapes in mexico,Chávez et al.,Veterinaria México OA,2015,293,1,0.003413,Carollia sowelli,alphacoronavirus,,,Mex Cov 1,single,cross-sectional,RNA,RT-PCR,single,,,,rectal swab,Mexico,Chiapas,Montes Azules,,,,,,,,,,N,"Y, Disturbed","Y, No co-infection",include rows for taxonomic/geographic patterns in yes/no sampled and yes/no positive but NOT in prevalence analyses because denominators correspond to region and not species,VERENA Admin,1/14/2022 10:05am
2190,viral diversity of bat communities in human-dominated landscapes in mexico,Chávez et al.,Veterinaria México OA,2015,152,2,0.013158,Artibeus jamaicensis,alphacoronavirus,,,Mex Cov 5b,single,cross-sectional,RNA,RT-PCR,single,,,,rectal swab,Mexico,Campeche,Reserva de la Biósfera Calakmul,,,,,,,,,,N,"Y, Disturbed","Y, No co-infection",include rows for taxonomic/geographic patterns in yes/no sampled and yes/no positive but NOT in prevalence analyses because denominators correspond to region and not species,VERENA Admin,1/14/2022 10:05am
2191,viral diversity of bat communities in human-dominated landscapes in mexico,Chávez et al.,Veterinaria México OA,2015,152,3,0.019737,Artibeus lituratus,alphacoronavirus,,,Mex Cov 5b,single,cross-sectional,RNA,RT-PCR,single,,,,rectal swab,Mexico,Campeche,Reserva de la Biósfera Calakmul,,,,,,,,,,N,"Y, Disturbed","Y, No co-infection",include rows for taxonomic/geographic patterns in yes/no sampled and yes/no positive but NOT in prevalence analyses because denominators correspond to region and not species,VERENA Admin,1/14/2022 10:05am
2192,viral diversity of bat communities in human-dominated landscapes in mexico,Chávez et al.,Veterinaria México OA,2015,152,1,0.006579,Artibeus lituratus,betacoronavirus ,,,Mex Cov 11b,single,cross-sectional,RNA,RT-PCR,single,,,,rectal swab,Mexico,Campeche,Reserva de la Biósfera Calakmul,,,,,,,,,,N,"Y, Disturbed","Y, No co-infection",include rows for taxonomic/geographic patterns in yes/no sampled and yes/no positive but NOT in prevalence analyses because denominators correspond to region and not species,VERENA Admin,1/14/2022 10:05am
2193,viral diversity of bat communities in human-dominated landscapes in mexico,Chávez et al.,Veterinaria México OA,2015,152,1,0.006579,Artibeus phaeotis,betacoronavirus ,,,Mex Cov 11b,single,cross-sectional,RNA,RT-PCR,single,,,,rectal swab,Mexico,Campeche,Reserva de la Biósfera Calakmul,,,,,,,,,,N,"Y, Disturbed","Y, No co-infection",include rows for taxonomic/geographic patterns in yes/no sampled and yes/no positive but NOT in prevalence analyses because denominators correspond to region and not species,VERENA Admin,1/14/2022 10:05am
2195,viral diversity of bat communities in human-dominated landscapes in mexico,Chávez et al.,Veterinaria México OA,2015,152,1,0.006579,Pteronotus parnellii,betacoronavirus ,,,Mex Cov 10,single,cross-sectional,RNA,RT-PCR,single,,,,rectal swab,Mexico,Campeche,Reserva de la Biósfera Calakmul,,,,,,,,,,N,"Y, Disturbed","Y, No co-infection",include rows for taxonomic/geographic patterns in yes/no sampled and yes/no positive but NOT in prevalence analyses because denominators correspond to region and not species,VERENA Admin,1/14/2022 10:05am
2196,viral diversity of bat communities in human-dominated landscapes in mexico,Chávez et al.,Veterinaria México OA,2015,65,1,0.015385,Carollia perspicillata,alphacoronavirus,,,Mex Cov 1,single,cross-sectional,RNA,RT-PCR,single,,,,rectal swab,Mexico,Campeche,Reserva de la Biósfera Calakmul,,,,,,,,,,N,"Y, Fragmented","Y, No co-infection",include rows for taxonomic/geographic patterns in yes/no sampled and yes/no positive but NOT in prevalence analyses because denominators correspond to region and not species,VERENA Admin,1/14/2022 10:05am
2197,viral diversity of bat communities in human-dominated landscapes in mexico,Chávez et al.,Veterinaria México OA,2015,65,1,0.015385,Carollia sowelli,alphacoronavirus,,,Mex Cov 1,single,cross-sectional,RNA,RT-PCR,single,,,,rectal swab,Mexico,Campeche,Reserva de la Biósfera Calakmul,,,,,,,,,,N,"Y, Fragmented","Y, No co-infection",include rows for taxonomic/geographic patterns in yes/no sampled and yes/no positive but NOT in prevalence analyses because denominators correspond to region and not species,VERENA Admin,1/14/2022 10:05am
2198,viral diversity of bat communities in human-dominated landscapes in mexico,Chávez et al.,Veterinaria México OA,2015,65,1,0.015385,Carollia sowelli,alphacoronavirus,,,Mex Cov 2,single,cross-sectional,RNA,RT-PCR,single,,,,rectal swab,Mexico,Campeche,Reserva de la Biósfera Calakmul,,,,,,,,,,N,"Y, Fragmented","Y, No co-infection",include rows for taxonomic/geographic patterns in yes/no sampled and yes/no positive but NOT in prevalence analyses because denominators correspond to region and not species,VERENA Admin,1/14/2022 10:05am
2199,viral diversity of bat communities in human-dominated landscapes in mexico,Chávez et al.,Veterinaria México OA,2015,65,1,0.015385,Carollia sowelli,alphacoronavirus,,,Mex Cov 5b,single,cross-sectional,RNA,RT-PCR,single,,,,rectal swab,Mexico,Campeche,Reserva de la Biósfera Calakmul,,,,,,,,,,N,"Y, Fragmented","Y, No co-infection",include rows for taxonomic/geographic patterns in yes/no sampled and yes/no positive but NOT in prevalence analyses because denominators correspond to region and not species,VERENA Admin,1/14/2022 10:05am
2201,viral diversity of bat communities in human-dominated landscapes in mexico,Chávez et al.,Veterinaria México OA,2015,65,1,0.015385,Artibeus jamaicensis,alphacoronavirus,,,Mex Cov 4,single,cross-sectional,RNA,RT-PCR,single,,,,rectal swab,Mexico,Campeche,Reserva de la Biósfera Calakmul,,,,,,,,,,N,"Y, Fragmented","Y, No co-infection",include rows for taxonomic/geographic patterns in yes/no sampled and yes/no positive but NOT in prevalence analyses because denominators correspond to region and not species,VERENA Admin,1/14/2022 10:05am
2203,viral diversity of bat communities in human-dominated landscapes in mexico,Chávez et al.,Veterinaria México OA,2015,65,1,0.015385,Nyctinomops laticaudatus,betacoronavirus ,,,Mex Cov 9,single,cross-sectional,RNA,RT-PCR,single,,,,rectal swab,Mexico,Campeche,Reserva de la Biósfera Calakmul,,,,,,,,,,N,"Y, Fragmented","Y, No co-infection",include rows for taxonomic/geographic patterns in yes/no sampled and yes/no positive but NOT in prevalence analyses because denominators correspond to region and not species,VERENA Admin,1/14/2022 10:05am
2204,viral diversity of bat communities in human-dominated landscapes in mexico,Chávez et al.,Veterinaria México OA,2015,102,1,0.009804,Carollia perspicillata,alphacoronavirus,,,Mex Cov 1,single,cross-sectional,RNA,RT-PCR,single,,,,rectal swab,Mexico,Campeche,Reserva de la Biósfera Calakmul,,,,,,,,,,N,"Y, Disturbed","Y, No co-infection",include rows for taxonomic/geographic patterns in yes/no sampled and yes/no positive but NOT in prevalence analyses because denominators correspond to region and not species,VERENA Admin,1/14/2022 10:05am
2205,viral diversity of bat communities in human-dominated landscapes in mexico,Chávez et al.,Veterinaria México OA,2015,102,1,0.009804,Carollia sowelli,alphacoronavirus,,,Mex Cov 2,single,cross-sectional,RNA,RT-PCR,single,,,,rectal swab,Mexico,Campeche,Reserva de la Biósfera Calakmul,,,,,,,,,,N,"Y, Disturbed","Y, No co-infection",include rows for taxonomic/geographic patterns in yes/no sampled and yes/no positive but NOT in prevalence analyses because denominators correspond to region and not species,VERENA Admin,1/14/2022 10:05am
2206,viral diversity of bat communities in human-dominated landscapes in mexico,Chávez et al.,Veterinaria México OA,2015,102,1,0.009804,Artibeus lituratus,betacoronavirus ,,,Mex Cov 11a,single,cross-sectional,RNA,RT-PCR,single,,,,rectal swab,Mexico,Campeche,Reserva de la Biósfera Calakmul,,,,,,,,,,N,"Y, Disturbed","Y, No co-infection",include rows for taxonomic/geographic patterns in yes/no sampled and yes/no positive but NOT in prevalence analyses because denominators correspond to region and not species,VERENA Admin,1/14/2022 10:05am
2208,viral diversity of bat communities in human-dominated landscapes in mexico,Chávez et al.,Veterinaria México OA,2015,10,1,0.1,Myotis velifer,alphacoronavirus,,,Mex Cov 7,single,cross-sectional,RNA,RT-PCR,single,,,,rectal swab,Mexico,Greater Mexico City,"Distrito Federal, Metropolitan Area",,,,,,,,,,N,"Y, Fragmented","Y, No co-infection",include rows for taxonomic/geographic patterns in yes/no sampled and yes/no positive but NOT in prevalence analyses because denominators correspond to region and not species,VERENA Admin,1/14/2022 10:05am
2209,viral diversity of bat communities in human-dominated landscapes in mexico,Chávez et al.,Veterinaria México OA,2015,49,2,0.040816,Myotis velifer,alphacoronavirus,,,Mex Cov 7,single,cross-sectional,RNA,RT-PCR,single,,,,rectal swab,Mexico,Greater Mexico City,"Distrito Federal, Metropolitan Area",,,,,,,,,,N,"Y, Urban","Y, No co-infection",include rows for taxonomic/geographic patterns in yes/no sampled and yes/no positive but NOT in prevalence analyses because denominators correspond to region and not species,VERENA Admin,1/14/2022 10:05am
2210,viral diversity of bat communities in human-dominated landscapes in mexico,Chávez et al.,Veterinaria México OA,2015,49,3,0.061224,Tadarida brasiliensis,alphacoronavirus,,,Mex Cov 8,single,cross-sectional,RNA,RT-PCR,single,,,,rectal swab,Mexico,Greater Mexico City,"Distrito Federal, Metropolitan Area",,,,,,,,,,N,"Y, Urban","Y, No co-infection",include rows for taxonomic/geographic patterns in yes/no sampled and yes/no positive but NOT in prevalence analyses because denominators correspond to region and not species,VERENA Admin,1/14/2022 10:05am
1120,longitudinal study of age-specific pattern of coronavirus infection in lyle's flying fox (pteropus lylei) in thailand,Wacharapluesadee et al.,Virol J,2018,44,11,0.25,Pteropus lylei,Coronavirus genus not specified,,,,pooled,longitudinal,RNA,hemi-nested RT-PCR,multiple,,RdRp,,rectal swab,Thailand,Chonburi,"S1 (house), Luang temple","101809054.9""E","13830018.9""N",2012,,January,,December,,,"Y, 220 male and 147 female","Y, two human dwellings, pig farm","Y, multiple strains of the same βCoV species",airtable double counts by including study table 1 (ID 1120-1122)+ table 2 (ID 2945-2956): study included in binary analyses but not prevalence estimates,VERENA Admin,1/13/2022 1:27pm
1121,longitudinal study of age-specific pattern of coronavirus infection in lyle's flying fox (pteropus lylei) in thailand,Wacharapluesadee et al.,Virol J,2018,99,35,0.353535,Pteropus lylei,Coronavirus genus not specified,,,,pooled,longitudinal,RNA,hemi-nested RT-PCR,multiple,,RdRp,,rectal swab,Thailand,Chonburi,"S2 (pig farm), Luang temple","101809054.9""E","13830018.9""N",2012,,January,,December,,,"Y, 220 male and 147 female","Y, two human dwellings, pig farm","Y, multiple strains of the same βCoV species",airtable double counts by including study table 1 (ID 1120-1122)+ table 2 (ID 2945-2956): study included in binary analyses but not prevalence estimates,VERENA Admin,1/13/2022 1:27pm
1122,longitudinal study of age-specific pattern of coronavirus infection in lyle's flying fox (pteropus lylei) in thailand,Wacharapluesadee et al.,Virol J,2018,224,22,0.098214,Pteropus lylei,Coronavirus genus not specified,,,,pooled,longitudinal,RNA,hemi-nested RT-PCR,multiple,,RdRp,,rectal swab,Thailand,Chonburi,"S3 (roost), Luang temple","101809054.9""E","13830018.9""N",2012,,January,,December,,,"Y, 220 male and 147 female","Y, two human dwellings, pig farm","Y, multiple strains of the same βCoV species",airtable double counts by including study table 1 (ID 1120-1122)+ table 2 (ID 2945-2956): study included in binary analyses but not prevalence estimates,VERENA Admin,1/13/2022 1:27pm
2945,longitudinal study of age-specific pattern of coronavirus infection in lyle's flying fox (pteropus lylei) in thailand,Wacharapluesadee et al.,Virol J,2018,14,4,0.285714,Pteropus lylei,Coronavirus genus not specified,,,,pooled,cross-sectional,RNA,hemi-nested RT-PCR,multiple,,RdRp,,rectal swab,Thailand,Chonburi,"S1, S2, S3 (pooled)",,,2012,,,,,January,,,,,airtable double counts by including study table 1 (ID 1120-1122)+ table 2 (ID 2945-2956): study included in binary analyses but not prevalence estimates,VERENA Admin,1/13/2022 1:31pm
2946,longitudinal study of age-specific pattern of coronavirus infection in lyle's flying fox (pteropus lylei) in thailand,Wacharapluesadee et al.,Virol J,2018,14,0,0,Pteropus lylei,Coronavirus genus not specified,,,,pooled,cross-sectional,RNA,hemi-nested RT-PCR,multiple,,RdRp,,rectal swab,Thailand,Chonburi,"S1, S2, S3 (pooled)",,,2012,,,,,February,,,,,airtable double counts by including study table 1 (ID 1120-1122)+ table 2 (ID 2945-2956): study included in binary analyses but not prevalence estimates,VERENA Admin,1/13/2022 1:31pm
2947,longitudinal study of age-specific pattern of coronavirus infection in lyle's flying fox (pteropus lylei) in thailand,Wacharapluesadee et al.,Virol J,2018,20,0,0,Pteropus lylei,Coronavirus genus not specified,,,,pooled,cross-sectional,RNA,hemi-nested RT-PCR,multiple,,RdRp,,rectal swab,Thailand,Chonburi,"S1, S2, S3 (pooled)",,,2012,,,,,March,,,,,airtable double counts by including study table 1 (ID 1120-1122)+ table 2 (ID 2945-2956): study included in binary analyses but not prevalence estimates,VERENA Admin,1/13/2022 1:31pm
2948,longitudinal study of age-specific pattern of coronavirus infection in lyle's flying fox (pteropus lylei) in thailand,Wacharapluesadee et al.,Virol J,2018,46,2,0.043478,Pteropus lylei,Coronavirus genus not specified,,,,pooled,cross-sectional,RNA,hemi-nested RT-PCR,multiple,,RdRp,,rectal swab,Thailand,Chonburi,"S1, S2, S3 (pooled)",,,2012,,,,,April,,,,,airtable double counts by including study table 1 (ID 1120-1122)+ table 2 (ID 2945-2956): study included in binary analyses but not prevalence estimates,VERENA Admin,1/13/2022 1:31pm
2949,longitudinal study of age-specific pattern of coronavirus infection in lyle's flying fox (pteropus lylei) in thailand,Wacharapluesadee et al.,Virol J,2018,39,16,0.410256,Pteropus lylei,Coronavirus genus not specified,,,,pooled,cross-sectional,RNA,hemi-nested RT-PCR,multiple,,RdRp,,rectal swab,Thailand,Chonburi,"S1, S2, S3 (pooled)",,,2012,,,,,May,,,,,airtable double counts by including study table 1 (ID 1120-1122)+ table 2 (ID 2945-2956): study included in binary analyses but not prevalence estimates,VERENA Admin,1/13/2022 1:31pm
2950,longitudinal study of age-specific pattern of coronavirus infection in lyle's flying fox (pteropus lylei) in thailand,Wacharapluesadee et al.,Virol J,2018,29,14,0.482759,Pteropus lylei,Coronavirus genus not specified,,,,pooled,cross-sectional,RNA,hemi-nested RT-PCR,multiple,,RdRp,,rectal swab,Thailand,Chonburi,"S1, S2, S3 (pooled)",,,2012,,,,,June,,,,,airtable double counts by including study table 1 (ID 1120-1122)+ table 2 (ID 2945-2956): study included in binary analyses but not prevalence estimates,VERENA Admin,1/13/2022 1:31pm
2951,longitudinal study of age-specific pattern of coronavirus infection in lyle's flying fox (pteropus lylei) in thailand,Wacharapluesadee et al.,Virol J,2018,46,14,0.304348,Pteropus lylei,Coronavirus genus not specified,,,,pooled,cross-sectional,RNA,hemi-nested RT-PCR,multiple,,RdRp,,rectal swab,Thailand,Chonburi,"S1, S2, S3 (pooled)",,,2012,,,,,July,,,,,airtable double counts by including study table 1 (ID 1120-1122)+ table 2 (ID 2945-2956): study included in binary analyses but not prevalence estimates,VERENA Admin,1/13/2022 1:31pm
2952,longitudinal study of age-specific pattern of coronavirus infection in lyle's flying fox (pteropus lylei) in thailand,Wacharapluesadee et al.,Virol J,2018,35,9,0.257143,Pteropus lylei,Coronavirus genus not specified,,,,pooled,cross-sectional,RNA,hemi-nested RT-PCR,multiple,,RdRp,,rectal swab,Thailand,Chonburi,"S1, S2, S3 (pooled)",,,2012,,,,,August,,,,,airtable double counts by including study table 1 (ID 1120-1122)+ table 2 (ID 2945-2956): study included in binary analyses but not prevalence estimates,VERENA Admin,1/13/2022 1:31pm
2953,longitudinal study of age-specific pattern of coronavirus infection in lyle's flying fox (pteropus lylei) in thailand,Wacharapluesadee et al.,Virol J,2018,35,6,0.171429,Pteropus lylei,Coronavirus genus not specified,,,,pooled,cross-sectional,RNA,hemi-nested RT-PCR,multiple,,RdRp,,rectal swab,Thailand,Chonburi,"S1, S2, S3 (pooled)",,,2012,,,,,September,,,,,airtable double counts by including study table 1 (ID 1120-1122)+ table 2 (ID 2945-2956): study included in binary analyses but not prevalence estimates,VERENA Admin,1/13/2022 1:31pm
2954,longitudinal study of age-specific pattern of coronavirus infection in lyle's flying fox (pteropus lylei) in thailand,Wacharapluesadee et al.,Virol J,2018,27,3,0.111111,Pteropus lylei,Coronavirus genus not specified,,,,pooled,cross-sectional,RNA,hemi-nested RT-PCR,multiple,,RdRp,,rectal swab,Thailand,Chonburi,"S1, S2, S3 (pooled)",,,2012,,,,,October,,,,,airtable double counts by including study table 1 (ID 1120-1122)+ table 2 (ID 2945-2956): study included in binary analyses but not prevalence estimates,VERENA Admin,1/13/2022 1:31pm
2955,longitudinal study of age-specific pattern of coronavirus infection in lyle's flying fox (pteropus lylei) in thailand,Wacharapluesadee et al.,Virol J,2018,36,0,0,Pteropus lylei,Coronavirus genus not specified,,,,pooled,cross-sectional,RNA,hemi-nested RT-PCR,multiple,,RdRp,,rectal swab,Thailand,Chonburi,"S1, S2, S3 (pooled)",,,2012,,,,,November,,,,,airtable double counts by including study table 1 (ID 1120-1122)+ table 2 (ID 2945-2956): study included in binary analyses but not prevalence estimates,VERENA Admin,1/13/2022 1:31pm
2956,longitudinal study of age-specific pattern of coronavirus infection in lyle's flying fox (pteropus lylei) in thailand,Wacharapluesadee et al.,Virol J,2018,26,0,0,Pteropus lylei,Coronavirus genus not specified,,,,pooled,cross-sectional,RNA,hemi-nested RT-PCR,multiple,,RdRp,,rectal swab,Thailand,Chonburi,"S1, S2, S3 (pooled)",,,2012,,,,,December,,,,,airtable double counts by including study table 1 (ID 1120-1122)+ table 2 (ID 2945-2956): study included in binary analyses but not prevalence estimates,VERENA Admin,1/13/2022 1:31pm